mean_fit_time,std_fit_time,mean_score_time,std_score_time,param_classifier__metric,param_classifier__n_neighbors,param_classifier__weights,params,split0_test_score,split1_test_score,split2_test_score,split3_test_score,split4_test_score,mean_test_score,std_test_score,rank_test_score,split0_train_score,split1_train_score,split2_train_score,split3_train_score,split4_train_score,mean_train_score,std_train_score
0.007749319076538086,0.0010166539812543043,0.004625749588012695,0.0012060996052185502,euclidean,3,uniform,"{'classifier__metric': 'euclidean', 'classifier__n_neighbors': 3, 'classifier__weights': 'uniform'}",0.35355047178441673,0.3908502098157271,0.30274712519536756,0.32216959867205736,0.27149752614868894,0.3281629863232515,0.04115112021911619,3,0.5349698323059641,0.5467853715852885,0.5792920514092025,0.5449106044725909,0.5619974354596011,0.5535910590465294,0.015489518595348764
0.011693620681762695,0.0005429930163270575,0.006003952026367188,0.0012032859282701705,euclidean,3,distance,"{'classifier__metric': 'euclidean', 'classifier__n_neighbors': 3, 'classifier__weights': 'distance'}",0.3324641094841243,0.3794322836661546,0.358778084416606,0.2992637799089412,0.3099663075827001,0.33598091301170524,0.029816130204234383,2,1.0,1.0,1.0,1.0,1.0,1.0,0.0
0.002434253692626953,0.0006122280682017495,0.005663108825683594,0.0011942561301204646,euclidean,5,uniform,"{'classifier__metric': 'euclidean', 'classifier__n_neighbors': 5, 'classifier__weights': 'uniform'}",0.2728890846136998,0.29103555991427843,0.28986029744209596,0.27775333502552385,0.3152764734340761,0.2893629500859348,0.014701884748517339,16,0.4176202939909843,0.35851628283883535,0.43639381294070084,0.42063364402220754,0.3687746895569271,0.40038774466993104,0.030841202046791586
0.002483367919921875,0.0005604990078629,0.005835056304931641,0.0015108119612189943,euclidean,5,distance,"{'classifier__metric': 'euclidean', 'classifier__n_neighbors': 5, 'classifier__weights': 'distance'}",0.31801309702425606,0.34497354497354493,0.34111438655907594,0.2967717589428116,0.3813588317714349,0.3364463238542247,0.028374258154611486,1,1.0,1.0,1.0,1.0,1.0,1.0,0.0
0.0018773555755615234,0.0005764617586265858,0.005048561096191406,0.0019195818759499951,euclidean,7,uniform,"{'classifier__metric': 'euclidean', 'classifier__n_neighbors': 7, 'classifier__weights': 'uniform'}",0.24309894396252027,0.31024537952033177,0.28441264599767624,0.2706866747581742,0.2626347611979796,0.2742156810873364,0.022436310672680423,20,0.3826752448179698,0.3311616449341727,0.39841282993138377,0.3751323889705316,0.3258890124486455,0.3626542242205407,0.02890912344023806
0.0019950389862060545,0.0006699489002575954,0.004588079452514648,0.0013369200627699849,euclidean,7,distance,"{'classifier__metric': 'euclidean', 'classifier__n_neighbors': 7, 'classifier__weights': 'distance'}",0.30839894504631565,0.3427336368421133,0.3501196808510638,0.304045834690996,0.311904357393654,0.3234404909648286,0.01907609930881474,6,1.0,1.0,1.0,1.0,1.0,1.0,0.0
0.001810598373413086,0.0005012107795429397,0.005843305587768554,0.0011178461738365238,euclidean,9,uniform,"{'classifier__metric': 'euclidean', 'classifier__n_neighbors': 9, 'classifier__weights': 'uniform'}",0.2649655485476381,0.25609906549319034,0.28009571074087203,0.2744278647532072,0.26626609763402215,0.2683708574337859,0.00825569552004259,22,0.3241349792444314,0.31082281669612316,0.3705013238218131,0.32653542357438897,0.3127350530959558,0.3289459192865425,0.021665854748470274
0.0019198894500732423,0.0005078539059881908,0.00476679801940918,0.0014071239174253591,euclidean,9,distance,"{'classifier__metric': 'euclidean', 'classifier__n_neighbors': 9, 'classifier__weights': 'distance'}",0.31456984707758706,0.31589074293055375,0.35555459959658525,0.30329116450832144,0.3182329456537203,0.3215078599533535,0.017784496412623724,8,1.0,1.0,1.0,1.0,1.0,1.0,0.0
0.0026053905487060545,0.0003841491239295385,0.00582575798034668,0.0017577701398344954,euclidean,11,uniform,"{'classifier__metric': 'euclidean', 'classifier__n_neighbors': 11, 'classifier__weights': 'uniform'}",0.2692416225749559,0.26868686868686864,0.28459795341608307,0.2707866101183205,0.28117388176810926,0.2748973873128675,0.00664758709438585,19,0.31311616335316117,0.3158354156808632,0.318533064065577,0.3087369663465816,0.3173431121660233,0.31471294432244123,0.003493796271095411
0.002011537551879883,0.0003417846212361848,0.005337285995483399,0.0017932777923253772,euclidean,11,distance,"{'classifier__metric': 'euclidean', 'classifier__n_neighbors': 11, 'classifier__weights': 'distance'}",0.31993631154037694,0.3183877124002667,0.3560462091531102,0.3093997417090126,0.3276544659563906,0.32628488815183143,0.015971161206010942,4,1.0,1.0,1.0,1.0,1.0,1.0,0.0
0.002004718780517578,0.00047969011372025875,0.006206083297729492,0.0011219442653068012,euclidean,15,uniform,"{'classifier__metric': 'euclidean', 'classifier__n_neighbors': 15, 'classifier__weights': 'uniform'}",0.23668435580017647,0.2711631363805277,0.2788857790217247,0.2509492834844214,0.2692240357681534,0.26138131809100074,0.015377682754663348,27,0.3041676336652594,0.30109848983472814,0.3061366280606326,0.2966185929315032,0.30023728859132587,0.3016517266166898,0.0032888681881885354
0.0024239063262939454,0.00048067457565468885,0.006537246704101563,0.00033288320655428823,euclidean,15,distance,"{'classifier__metric': 'euclidean', 'classifier__n_neighbors': 15, 'classifier__weights': 'distance'}",0.30617340325921005,0.30704573209453184,0.3577333407549655,0.29915226231015707,0.323211669605199,0.31866328160481266,0.021065620081197237,12,1.0,1.0,1.0,1.0,1.0,1.0,0.0
0.0020748138427734374,0.0006104455741363092,0.005181264877319336,0.0014432367604238396,euclidean,21,uniform,"{'classifier__metric': 'euclidean', 'classifier__n_neighbors': 21, 'classifier__weights': 'uniform'}",0.23650123526284514,0.2760826399184375,0.257599922671693,0.25559810756684265,0.28484566903684555,0.2621255148913328,0.016915664227072448,25,0.29092936946775855,0.28522322011246576,0.27239242219687215,0.2904689167585553,0.2878143123590266,0.28536564817893567,0.006801752409167809
0.0018877029418945313,0.00047278481424242687,0.005650758743286133,0.0017900609753587061,euclidean,21,distance,"{'classifier__metric': 'euclidean', 'classifier__n_neighbors': 21, 'classifier__weights': 'distance'}",0.30700223248484315,0.31653997520081945,0.3335645105156766,0.298192176439067,0.3337526205450734,0.3178103030370959,0.014182041840960098,13,1.0,1.0,1.0,1.0,1.0,1.0,0.0
0.002126932144165039,0.0004956995303774447,0.004640626907348633,0.0012177009041379186,manhattan,3,uniform,"{'classifier__metric': 'manhattan', 'classifier__n_neighbors': 3, 'classifier__weights': 'uniform'}",0.28957333738291285,0.30665024630541876,0.2932669119149806,0.27233057451090165,0.2608428873460187,0.2845327914920465,0.016130588504854583,18,0.5215943458988295,0.5434246569460162,0.5647881898048142,0.5372675838666595,0.5044792705818798,0.5343108094196398,0.020358313294141433
0.0014351844787597657,0.0004946852776241668,0.005131292343139649,0.0017752102249980527,manhattan,3,distance,"{'classifier__metric': 'manhattan', 'classifier__n_neighbors': 3, 'classifier__weights': 'distance'}",0.33238114330791674,0.32103696741854637,0.3567198784828785,0.3038381372295677,0.3055614171365228,0.32390750871508645,0.019473329701718004,5,1.0,1.0,1.0,1.0,1.0,1.0,0.0
0.001827573776245117,0.0008163289988769967,0.005631160736083984,0.00190691710239663,manhattan,5,uniform,"{'classifier__metric': 'manhattan', 'classifier__n_neighbors': 5, 'classifier__weights': 'uniform'}",0.30128422050667353,0.2602678157579242,0.28600012761962057,0.2908766564729867,0.2999304684866575,0.2876718577687725,0.01482981382890087,17,0.3587018042381082,0.3639237707698187,0.39999741404580597,0.40407016939684426,0.3507269711163154,0.37548402591337854,0.022119077840430986
0.0016257286071777344,0.0005334722640388314,0.0055885791778564455,0.000741231228976668,manhattan,5,distance,"{'classifier__metric': 'manhattan', 'classifier__n_neighbors': 5, 'classifier__weights': 'distance'}",0.30768689844221464,0.3149492656082629,0.3310309359109285,0.3261110563927465,0.32375095567760176,0.32070582240635087,0.008339396708675643,10,1.0,1.0,1.0,1.0,1.0,1.0,0.0
0.0016884803771972656,0.0005041229917684489,0.003548431396484375,0.0002984754335889938,manhattan,7,uniform,"{'classifier__metric': 'manhattan', 'classifier__n_neighbors': 7, 'classifier__weights': 'uniform'}",0.24971201976453827,0.27779306368984447,0.2841910275321848,0.2639608174327116,0.2659045043985971,0.26831228656357525,0.011939197403614632,23,0.34071620878360404,0.33106817739293487,0.34342428312185236,0.32771720428858425,0.3159776051573558,0.33178069574886626,0.009820120545137322
0.0020035266876220702,0.0007723580464324774,0.005129575729370117,0.0016198263260638918,manhattan,7,distance,"{'classifier__metric': 'manhattan', 'classifier__n_neighbors': 7, 'classifier__weights': 'distance'}",0.31642355229715513,0.30909977606012845,0.35246025984158114,0.29968868991824865,0.32218865780147404,0.3199721871837175,0.017903128226870058,11,1.0,1.0,1.0,1.0,1.0,1.0,0.0
0.0019580841064453123,0.0006920651361256784,0.005527210235595703,0.0015043601992478762,manhattan,9,uniform,"{'classifier__metric': 'manhattan', 'classifier__n_neighbors': 9, 'classifier__weights': 'uniform'}",0.24514887000202715,0.25554834687655975,0.28070150698305835,0.2749534684317293,0.25436285047269025,0.26214300855321293,0.01342644341405416,24,0.3219728348656443,0.31960719841171364,0.3369252017905966,0.3164065418497556,0.31080401210311165,0.32114315780416436,0.00873445948182762
0.0019824028015136717,0.0011003823617597407,0.004584407806396485,0.001325719391248276,manhattan,9,distance,"{'classifier__metric': 'manhattan', 'classifier__n_neighbors': 9, 'classifier__weights': 'distance'}",0.31368323619817823,0.3008737630978718,0.3437049062049062,0.3144419178058322,0.3017949703804967,0.314899758737457,0.015491223951587068,14,1.0,1.0,1.0,1.0,1.0,1.0,0.0
0.0018333911895751954,0.00040174832025835684,0.005055665969848633,0.0016594472552991135,manhattan,11,uniform,"{'classifier__metric': 'manhattan', 'classifier__n_neighbors': 11, 'classifier__weights': 'uniform'}",0.24440570101619175,0.26134953842066816,0.28754994378433213,0.25952843685048727,0.2548019717831039,0.2615271183709566,0.014279945614869713,26,0.306681059859718,0.3052416376044419,0.3184226531295949,0.3054993534300365,0.3044505706082376,0.3080590549264058,0.005230948466808738
0.001923513412475586,0.00038973979353106334,0.005280542373657227,0.0013861991250365294,manhattan,11,distance,"{'classifier__metric': 'manhattan', 'classifier__n_neighbors': 11, 'classifier__weights': 'distance'}",0.30404747799593773,0.3059666975855551,0.34268451259976684,0.2946978993784813,0.3170136685573689,0.31288205122342194,0.016503285395648333,15,1.0,1.0,1.0,1.0,1.0,1.0,0.0
0.0020400524139404298,0.0004935541605891749,0.006519889831542969,0.002056442132508012,manhattan,15,uniform,"{'classifier__metric': 'manhattan', 'classifier__n_neighbors': 15, 'classifier__weights': 'uniform'}",0.25872885438645704,0.28340575045595967,0.29567559850784253,0.24207671957671958,0.26250967828060334,0.26847932024151644,0.018922163734007746,21,0.3060726978935255,0.30465846233105226,0.31875209349101635,0.29498875901008353,0.302230262631175,0.30534045507137053,0.0077162717306751
0.002143383026123047,0.000488575808332582,0.006544351577758789,0.0013490229614315473,manhattan,15,distance,"{'classifier__metric': 'manhattan', 'classifier__n_neighbors': 15, 'classifier__weights': 'distance'}",0.3153594139915557,0.31585818320429704,0.3622889305816135,0.29630303356958704,0.3207007684296797,0.3221020659553466,0.021757698511563575,7,1.0,1.0,1.0,1.0,1.0,1.0,0.0
0.002034568786621094,0.0003891451834079398,0.007008790969848633,0.0015376840740073223,manhattan,21,uniform,"{'classifier__metric': 'manhattan', 'classifier__n_neighbors': 21, 'classifier__weights': 'uniform'}",0.2269346116027532,0.28303612593031685,0.25541728886676623,0.25699578529594097,0.2624206620447222,0.2569608947480999,0.01796490109146763,28,0.2919122882231191,0.2782994908837807,0.28676168023653464,0.2897566373442662,0.2834122511997482,0.28602846957748973,0.004809113533079971
0.0020913124084472657,0.0004600685080860153,0.006392955780029297,0.0013268740179731588,manhattan,21,distance,"{'classifier__metric': 'manhattan', 'classifier__n_neighbors': 21, 'classifier__weights': 'distance'}",0.3070304598410409,0.3250256679938898,0.3393640186410793,0.30200816200816205,0.33145907320426166,0.32097747633768675,0.014273547714028294,9,1.0,1.0,1.0,1.0,1.0,1.0,0.0
