mean_fit_time,std_fit_time,mean_score_time,std_score_time,param_classifier__C,param_classifier__class_weight,params,split0_test_score,split1_test_score,split2_test_score,split3_test_score,split4_test_score,mean_test_score,std_test_score,rank_test_score,split0_train_score,split1_train_score,split2_train_score,split3_train_score,split4_train_score,mean_train_score,std_train_score
0.005539131164550781,0.0011342141642518408,0.001196908950805664,3.706481946502675e-05,0.001,,"{'classifier__C': 0.001, 'classifier__class_weight': None}",0.20796313364055297,0.2028101209135692,0.201480037000925,0.20526841448189762,0.19406273338312174,0.2023168878840133,0.004683295103830628,11,0.2024141749723145,0.20398325628528466,0.20125914570359016,0.20066129798954227,0.20573257437606451,0.20281008986535923,0.0018491467267466959
0.0038266658782958986,0.0014487790577942838,0.001140260696411133,0.00011121306478408147,0.001,balanced,"{'classifier__C': 0.001, 'classifier__class_weight': 'balanced'}",0.2053454186971914,0.1794726494505283,0.21725901226973302,0.15860924384569255,0.16217517050850383,0.1845722989543298,0.023245050008417742,12,0.20606395527382917,0.19951564795843604,0.1951889649893425,0.1987619032858535,0.21081188575179668,0.2020684714518516,0.0056069438125381605
0.0052468299865722655,0.0022436209917877665,0.001556730270385742,0.0007680289651184119,0.01,,"{'classifier__C': 0.01, 'classifier__class_weight': None}",0.21469446900481381,0.23933573429371746,0.23216007714561238,0.22406136049289574,0.20793650793650795,0.22363762977470944,0.011364396103051785,10,0.224021574494248,0.22552491335631822,0.2160080678195482,0.21948205361583947,0.228287406047735,0.2226648030667378,0.004383531500408329
0.004431581497192383,0.0011774653464446648,0.0016125679016113282,0.0005564109719727587,0.01,balanced,"{'classifier__C': 0.01, 'classifier__class_weight': 'balanced'}",0.25350477109384456,0.23843049903720925,0.22392624537933462,0.24480339541899052,0.2347791096749551,0.23908880412086683,0.009893297497409874,9,0.27797941306995505,0.265181374775924,0.268510987352559,0.2626597706828176,0.30027165695151087,0.2749206405665533,0.013698875893649376
0.005324268341064453,0.0021625707221863146,0.0015218734741210937,0.0006902545450109056,0.1,,"{'classifier__C': 0.1, 'classifier__class_weight': None}",0.268680078820239,0.2582155342757258,0.27381027032676347,0.2823262823262824,0.2943460378552702,0.2754756407208562,0.012246530716969347,8,0.28023389459366105,0.2736077041996475,0.30971514305692804,0.2588538230255571,0.32936451008719425,0.2903550149925976,0.02558042164809801
0.005774164199829101,0.0018674761157133491,0.0015276432037353515,0.0005943223546638516,0.1,balanced,"{'classifier__C': 0.1, 'classifier__class_weight': 'balanced'}",0.28694144066017896,0.3044532718820898,0.26416711843364177,0.3055628854408827,0.28768384069662223,0.2897617114226831,0.015052399896950454,4,0.3315415724825141,0.3106974826522402,0.3275430469770823,0.33511664951563797,0.347078572115167,0.3303954647485283,0.011815887658220468
0.009711456298828126,0.0021391928963811753,0.0012190818786621093,4.469554194798079e-05,1.0,,"{'classifier__C': 1, 'classifier__class_weight': None}",0.27647200192261473,0.2654983815037041,0.2773457716025017,0.3991223043814652,0.2981431655871118,0.30331632499947947,0.049052688894895995,3,0.3714001253687536,0.3659564432533679,0.3443616207978146,0.32287984608846326,0.3674813933707188,0.3544158857758236,0.018373711620495205
0.01215205192565918,0.003993241217297899,0.001905965805053711,0.0006197201867642346,1.0,balanced,"{'classifier__C': 1, 'classifier__class_weight': 'balanced'}",0.2997446722084403,0.25830964955087166,0.2751189704257376,0.2833900173494599,0.30417968684222557,0.28414859927534697,0.01669875999354604,7,0.366682543645139,0.3469960164410546,0.3585859391537693,0.3561451926633892,0.3720206522242482,0.3600860688255201,0.008661156116044004
0.01526484489440918,0.0014580773109548065,0.0019474029541015625,0.0008793097899763974,10.0,,"{'classifier__C': 10, 'classifier__class_weight': None}",0.279456060241929,0.2622785962826204,0.3618611380327617,0.3993925470995155,0.30193139568139565,0.3209839474676444,0.05167733857211379,1,0.4012601711776711,0.41831258830642154,0.3660681819920595,0.321298412057568,0.39744876980789506,0.38087762466832303,0.03423574075064638
0.0165313720703125,0.0036484005652578557,0.0020316123962402345,0.0007565180944836044,10.0,balanced,"{'classifier__C': 10, 'classifier__class_weight': 'balanced'}",0.27260267340154903,0.26161932090410767,0.3042648229793011,0.28385612803820043,0.30348963104261756,0.2851665152731552,0.01681974749319211,6,0.3818846732081063,0.3604102127398165,0.38161970546348245,0.36610473263230475,0.380745555117608,0.3741529758322636,0.009084393797625651
0.02159714698791504,0.005253770626615379,0.0015793800354003905,0.0004642543874651824,100.0,,"{'classifier__C': 100, 'classifier__class_weight': None}",0.279456060241929,0.2616330699349568,0.3605112107773885,0.3993925470995155,0.30193139568139565,0.3205848567470371,0.051613193051529054,2,0.4012601711776711,0.40922282279867134,0.38553849018175673,0.3608195040089503,0.40506961685958925,0.39238212100532777,0.017699918854707897
0.018603038787841798,0.006272986919773857,0.0012750625610351562,7.839774252495182e-05,100.0,balanced,"{'classifier__C': 100, 'classifier__class_weight': 'balanced'}",0.27260267340154903,0.2639472343256043,0.3042648229793011,0.28551217766909326,0.30476067329726636,0.28621751633456277,0.016440078216084363,5,0.3885451026405502,0.3880768948030456,0.37974653159095445,0.36917595790020036,0.38404241668238387,0.3819173807234269,0.0071195299121612245
