model,quality,precision,recall,f1-score,support
KNN,3,0.0,0.0,0.0,2.0
KNN,4,0.0,0.0,0.0,11.0
KNN,5,0.7313432835820896,0.7205882352941176,0.725925925925926,136.0
KNN,6,0.6148148148148148,0.6484375,0.6311787072243346,128.0
KNN,7,0.625,0.75,0.6818181818181818,40.0
KNN,8,0.5,0.3333333333333333,0.4,3.0
KNN,accuracy,0.6625,0.6625,0.6625,0.6625
KNN,macro avg,0.41185968306615073,0.40872651143790856,0.4064871358280737,320.0
KNN,weighted avg,0.6395593214483141,0.6625,0.649967274135525,320.0
Gaussian Naive Bayes,3,0.0,0.0,0.0,2.0
Gaussian Naive Bayes,4,0.18181818181818182,0.18181818181818182,0.18181818181818182,11.0
Gaussian Naive Bayes,5,0.671875,0.6323529411764706,0.6515151515151515,136.0
Gaussian Naive Bayes,6,0.5433070866141733,0.5390625,0.5411764705882353,128.0
Gaussian Naive Bayes,7,0.5227272727272727,0.575,0.5476190476190477,40.0
Gaussian Naive Bayes,8,0.0,0.0,0.0,3.0
Gaussian Naive Bayes,accuracy,0.5625,0.5625,0.5625,0.5625
Gaussian Naive Bayes,macro avg,0.3199545901932713,0.3213722704991087,0.32035480859010274,320.0
Gaussian Naive Bayes,weighted avg,0.5744606187365784,0.5625,0.5680669085816145,320.0
Logistic Regression,3,0.0,0.0,0.0,2.0
Logistic Regression,4,0.0,0.0,0.0,11.0
Logistic Regression,5,0.6226415094339622,0.7279411764705882,0.6711864406779661,136.0
Logistic Regression,6,0.5390070921985816,0.59375,0.5650557620817844,128.0
Logistic Regression,7,0.7058823529411765,0.3,0.42105263157894735,40.0
Logistic Regression,8,0.0,0.0,0.0,3.0
Logistic Regression,accuracy,0.584375,0.584375,0.584375,0.584375
Logistic Regression,macro avg,0.31125515909562007,0.2702818627450981,0.2762158057231163,320.0
Logistic Regression,weighted avg,0.5684607725065136,0.584375,0.5639081210682177,320.0
